<?xml version="1.0" encoding="UTF-8"?>
<templates id="template" xml:space="preserve">

     <!-- Remove 'Documentation', 'Support', etc menu items -->

    <t t-name="UserMenu.Actions">
        <div role="separator" class="dropdown-divider"/>
        <a role="menuitem" href="#" data-menu="settings" class="dropdown-item">Preferences</a>
        <a role="menuitem" href="#" data-menu="logout" class="dropdown-item">Log out</a>
    </t>

    <t t-extend="mail.client_action">
      <t t-jquery=".o_mail_request_permission" t-operation="inner">
        Your permission is required to <a href="#"> enable desktop notifications</a>.
      </t>
    </t>
    <!-- Change logo in POS to company logo. -->
     <t t-extend="Chrome">
        <t t-jquery="div.pos-branding"
           t-operation="replace">
            <div class="pos-branding">
                    <img class="pos-logo" src="/web/binary/company_logo" alt="Logo"/>
            </div>
        </t>
    </t>
</templates>